,match_date,team,opponent_team,home,division,actual_goals,predicted_goals,error,abs_error,eval_week
0,2024-08-17,Arsenal,Wolves,1,Premier League,2,2.9877005,-0.9877004623413086,0.9877004623413086,3
1,2024-08-17,Aston Villa,West Ham,0,Premier League,2,1.9370888,0.06291115283966064,0.06291115283966064,3
2,2024-08-17,Bournemouth,Nott'm Forest,0,Premier League,1,1.4426556,-0.4426555633544922,0.4426555633544922,3
3,2024-08-18,Brentford,Crystal Palace,1,Premier League,2,1.4858537,0.5141463279724121,0.5141463279724121,3
4,2024-08-17,Brighton,Everton,0,Premier League,3,1.4059038,1.5940961837768555,1.5940961837768555,3
5,2024-08-18,Chelsea,Man City,1,Premier League,0,1.2824541,-1.2824541330337524,1.2824541330337524,3
6,2024-08-18,Crystal Palace,Brentford,0,Premier League,1,1.4252878,-0.4252878427505493,0.4252878427505493,3
7,2024-08-17,Everton,Brighton,1,Premier League,0,1.2842927,-1.2842926979064941,1.2842926979064941,3
8,2024-08-16,Fulham,Man United,0,Premier League,0,1.7648544,-1.7648544311523438,1.7648544311523438,3
9,2024-08-17,Ipswich,Liverpool,1,Premier League,0,0.9865912,-0.9865912199020386,0.9865912199020386,3
10,2024-08-19,Leicester,Tottenham,1,Premier League,1,1.1669317,-0.16693174839019775,0.16693174839019775,3
11,2024-08-17,Liverpool,Ipswich,0,Premier League,2,2.6098664,-0.6098663806915283,0.6098663806915283,3
12,2024-08-18,Man City,Chelsea,0,Premier League,2,2.4251974,-0.4251973628997803,0.4251973628997803,3
13,2024-08-16,Man United,Fulham,1,Premier League,1,1.8545434,-0.8545434474945068,0.8545434474945068,3
14,2024-08-17,Newcastle,Southampton,1,Premier League,1,2.408325,-1.408324956893921,1.408324956893921,3
15,2024-08-17,Nott'm Forest,Bournemouth,1,Premier League,1,1.4872807,-0.4872807264328003,0.4872807264328003,3
16,2024-08-17,Southampton,Newcastle,0,Premier League,0,1.1468368,-1.146836757659912,1.146836757659912,3
17,2024-08-19,Tottenham,Leicester,0,Premier League,1,2.1535695,-1.1535694599151611,1.1535694599151611,3
18,2024-08-17,West Ham,Aston Villa,1,Premier League,1,1.6857641,-0.6857640743255615,0.6857640743255615,3
19,2024-08-17,Wolves,Arsenal,0,Premier League,0,0.8599574,-0.8599573969841003,0.8599573969841003,3
20,2024-08-24,Arsenal,Aston Villa,0,Premier League,2,2.1580644,-0.1580643653869629,0.1580643653869629,4
21,2024-08-24,Aston Villa,Arsenal,1,Premier League,0,1.1879785,-1.1879785060882568,1.1879785060882568,4
22,2024-08-25,Bournemouth,Newcastle,1,Premier League,1,1.7466716,-0.7466715574264526,0.7466715574264526,4
23,2024-08-25,Brentford,Liverpool,0,Premier League,0,1.1417701,-1.1417701244354248,1.1417701244354248,4
24,2024-08-24,Brighton,Man United,1,Premier League,2,1.8232596,0.17674040794372559,0.17674040794372559,4
25,2024-08-25,Chelsea,Wolves,0,Premier League,6,2.0436919,3.956308126449585,3.956308126449585,4
26,2024-08-24,Crystal Palace,West Ham,1,Premier League,0,2.0623152,-2.0623152256011963,2.0623152256011963,4
27,2024-08-24,Everton,Tottenham,0,Premier League,0,1.088734,-1.0887340307235718,1.0887340307235718,4
28,2024-08-24,Fulham,Leicester,1,Premier League,2,1.6629845,0.3370155096054077,0.3370155096054077,4
29,2024-08-24,Ipswich,Man City,0,Premier League,1,0.6909898,0.30901020765304565,0.30901020765304565,4
30,2024-08-24,Leicester,Fulham,0,Premier League,1,1.0962508,-0.09625077247619629,0.09625077247619629,4
31,2024-08-25,Liverpool,Brentford,1,Premier League,2,2.621127,-0.6211268901824951,0.6211268901824951,4
32,2024-08-24,Man City,Ipswich,1,Premier League,4,3.2911685,0.7088315486907959,0.7088315486907959,4
33,2024-08-24,Man United,Brighton,0,Premier League,1,1.5437471,-0.543747067451477,0.543747067451477,4
34,2024-08-25,Newcastle,Bournemouth,0,Premier League,1,1.8574281,-0.8574280738830566,0.8574280738830566,4
35,2024-08-24,Nott'm Forest,Southampton,0,Premier League,1,1.0794228,-0.07942283153533936,0.07942283153533936,4
36,2024-08-24,Southampton,Nott'm Forest,1,Premier League,0,1.6285892,-1.628589153289795,1.628589153289795,4
37,2024-08-24,Tottenham,Everton,1,Premier League,4,2.2413268,1.7586731910705566,1.7586731910705566,4
38,2024-08-24,West Ham,Crystal Palace,0,Premier League,2,1.3119657,0.6880342960357666,0.6880342960357666,4
39,2024-08-25,Wolves,Chelsea,1,Premier League,2,1.302172,0.6978280544281006,0.6978280544281006,4
40,2024-08-31,Arsenal,Brighton,1,Premier League,1,2.2946956,-1.2946956157684326,1.2946956157684326,5
41,2024-08-31,Aston Villa,Leicester,0,Premier League,2,1.8471256,0.15287435054779053,0.15287435054779053,5
42,2024-08-31,Bournemouth,Everton,0,Premier League,3,1.5248704,1.4751296043395996,1.4751296043395996,5
43,2024-08-31,Brentford,Southampton,1,Premier League,3,1.5220104,1.4779895544052124,1.4779895544052124,5
44,2024-08-31,Brighton,Arsenal,0,Premier League,1,0.92379844,0.07620155811309814,0.07620155811309814,5
45,2024-09-01,Chelsea,Crystal Palace,1,Premier League,1,2.026621,-1.0266211032867432,1.0266211032867432,5
46,2024-09-01,Crystal Palace,Chelsea,0,Premier League,1,1.3622853,-0.3622852563858032,0.3622852563858032,5
47,2024-08-31,Everton,Bournemouth,1,Premier League,2,1.3612267,0.6387733221054077,0.6387733221054077,5
48,2024-08-31,Fulham,Ipswich,0,Premier League,1,1.939519,-0.9395190477371216,0.9395190477371216,5
49,2024-08-31,Ipswich,Fulham,1,Premier League,1,1.1789606,-0.17896056175231934,0.17896056175231934,5
50,2024-08-31,Leicester,Aston Villa,1,Premier League,1,1.2449075,-0.24490749835968018,0.24490749835968018,5
51,2024-09-01,Liverpool,Man United,0,Premier League,3,2.4003105,0.5996894836425781,0.5996894836425781,5
52,2024-08-31,Man City,West Ham,0,Premier League,3,2.7277594,0.27224063873291016,0.27224063873291016,5
53,2024-09-01,Man United,Liverpool,1,Premier League,0,1.3236396,-1.3236396312713623,1.3236396312713623,5
54,2024-09-01,Newcastle,Tottenham,1,Premier League,2,1.9650388,0.03496122360229492,0.03496122360229492,5
55,2024-08-31,Nott'm Forest,Wolves,1,Premier League,1,1.8019252,-0.8019251823425293,0.8019251823425293,5
56,2024-08-31,Southampton,Brentford,0,Premier League,1,1.3001695,-0.3001694679260254,0.3001694679260254,5
57,2024-09-01,Tottenham,Newcastle,0,Premier League,1,1.8987175,-0.8987175226211548,0.8987175226211548,5
58,2024-08-31,West Ham,Man City,1,Premier League,1,1.0826617,-0.08266174793243408,0.08266174793243408,5
59,2024-08-31,Wolves,Nott'm Forest,0,Premier League,1,1.1522706,-0.15227055549621582,0.15227055549621582,5
60,2024-09-15,Arsenal,Tottenham,0,Premier League,1,1.9201102,-0.9201102256774902,0.9201102256774902,7
61,2024-09-14,Aston Villa,Everton,1,Premier League,3,1.9534413,1.0465587377548218,1.0465587377548218,7
62,2024-09-14,Bournemouth,Chelsea,1,Premier League,0,1.859447,-1.8594470024108887,1.8594470024108887,7
63,2024-09-14,Brentford,Man City,0,Premier League,1,0.9063767,0.09362328052520752,0.09362328052520752,7
64,2024-09-14,Brighton,Ipswich,1,Premier League,0,2.1007957,-2.1007957458496094,2.1007957458496094,7
65,2024-09-14,Chelsea,Bournemouth,0,Premier League,1,2.0236328,-1.0236327648162842,1.0236327648162842,7
66,2024-09-14,Crystal Palace,Leicester,1,Premier League,2,1.6803541,0.31964588165283203,0.31964588165283203,7
67,2024-09-14,Everton,Aston Villa,0,Premier League,2,1.1748908,0.8251092433929443,0.8251092433929443,7
68,2024-09-14,Fulham,West Ham,1,Premier League,1,1.8960296,-0.8960295915603638,0.8960295915603638,7
69,2024-09-14,Ipswich,Brighton,0,Premier League,0,0.9334898,-0.9334897994995117,0.9334897994995117,7
70,2024-09-14,Leicester,Crystal Palace,0,Premier League,2,1.0261241,0.973875880241394,0.973875880241394,7
71,2024-09-14,Liverpool,Nott'm Forest,1,Premier League,0,2.4159875,-2.415987491607666,2.415987491607666,7
72,2024-09-14,Man City,Brentford,1,Premier League,2,2.8623562,-0.8623561859130859,0.8623561859130859,7
73,2024-09-14,Man United,Southampton,0,Premier League,3,1.8502482,1.1497517824172974,1.1497517824172974,7
74,2024-09-15,Newcastle,Wolves,0,Premier League,2,2.1994812,-0.19948124885559082,0.19948124885559082,7
75,2024-09-14,Nott'm Forest,Liverpool,0,Premier League,1,1.0037456,-0.003745555877685547,0.003745555877685547,7
76,2024-09-14,Southampton,Man United,1,Premier League,0,1.5242281,-1.5242280960083008,1.5242280960083008,7
77,2024-09-15,Tottenham,Arsenal,1,Premier League,0,1.3220848,-1.3220847845077515,1.3220847845077515,7
78,2024-09-14,West Ham,Fulham,0,Premier League,1,1.2915833,-0.2915832996368408,0.2915832996368408,7
79,2024-09-15,Wolves,Newcastle,1,Premier League,1,1.3992709,-0.3992708921432495,0.3992708921432495,7
80,2024-09-22,Arsenal,Man City,0,Premier League,2,1.2566593,0.7433407306671143,0.7433407306671143,8
81,2024-09-21,Aston Villa,Wolves,1,Premier League,3,2.1087935,0.8912065029144287,0.8912065029144287,8
82,2024-09-21,Bournemouth,Liverpool,0,Premier League,0,1.0028585,-1.0028585195541382,1.0028585195541382,8
83,2024-09-21,Brentford,Tottenham,0,Premier League,1,1.2162962,-0.21629619598388672,0.21629619598388672,8
84,2024-09-22,Brighton,Nott'm Forest,1,Premier League,2,1.6100636,0.3899364471435547,0.3899364471435547,8
85,2024-09-21,Chelsea,West Ham,0,Premier League,3,2.2067187,0.7932813167572021,0.7932813167572021,8
86,2024-09-21,Crystal Palace,Man United,1,Premier League,0,1.6491538,-1.6491538286209106,1.6491538286209106,8
87,2024-09-21,Everton,Leicester,0,Premier League,1,1.4420271,-0.44202709197998047,0.44202709197998047,8
88,2024-09-21,Fulham,Newcastle,1,Premier League,3,1.7524997,1.2475003004074097,1.2475003004074097,8
89,2024-09-21,Ipswich,Southampton,0,Premier League,1,1.395725,-0.3957250118255615,0.3957250118255615,8
90,2024-09-21,Leicester,Everton,1,Premier League,1,1.320301,-0.3203010559082031,0.3203010559082031,8
91,2024-09-21,Liverpool,Bournemouth,1,Premier League,3,2.5730138,0.4269862174987793,0.4269862174987793,8
92,2024-09-22,Man City,Arsenal,1,Premier League,2,1.4826794,0.5173206329345703,0.5173206329345703,8
93,2024-09-21,Man United,Crystal Palace,0,Premier League,0,1.4961965,-1.4961965084075928,1.4961965084075928,8
94,2024-09-21,Newcastle,Fulham,0,Premier League,1,1.8177538,-0.817753791809082,0.817753791809082,8
95,2024-09-22,Nott'm Forest,Brighton,0,Premier League,2,1.132952,0.8670480251312256,0.8670480251312256,8
96,2024-09-21,Southampton,Ipswich,1,Premier League,1,1.7207259,-0.7207258939743042,0.7207258939743042,8
97,2024-09-21,Tottenham,Brentford,1,Premier League,3,2.1637537,0.8362462520599365,0.8362462520599365,8
98,2024-09-21,West Ham,Chelsea,1,Premier League,0,1.5177819,-1.5177818536758423,1.5177818536758423,8
99,2024-09-21,Wolves,Aston Villa,0,Premier League,1,1.1320282,-0.1320282220840454,0.1320282220840454,8
100,2024-09-28,Arsenal,Leicester,1,Premier League,4,2.9226904,1.0773096084594727,1.0773096084594727,9
101,2024-09-29,Aston Villa,Ipswich,0,Premier League,2,2.2256265,-0.22562646865844727,0.22562646865844727,9
102,2024-09-30,Bournemouth,Southampton,1,Premier League,3,1.7440119,1.2559881210327148,1.2559881210327148,9
103,2024-09-28,Brentford,West Ham,1,Premier League,1,1.7897093,-0.7897093296051025,0.7897093296051025,9
104,2024-09-28,Brighton,Chelsea,0,Premier League,2,1.380543,0.6194570064544678,0.6194570064544678,9
105,2024-09-28,Chelsea,Brighton,1,Premier League,4,1.7169892,2.2830108404159546,2.2830108404159546,9
106,2024-09-28,Crystal Palace,Everton,0,Premier League,1,1.4084344,-0.4084343910217285,0.4084343910217285,9
107,2024-09-28,Everton,Crystal Palace,1,Premier League,2,1.3264735,0.6735265254974365,0.6735265254974365,9
108,2024-09-28,Fulham,Nott'm Forest,0,Premier League,1,1.4758457,-0.47584569454193115,0.47584569454193115,9
109,2024-09-29,Ipswich,Aston Villa,1,Premier League,2,1.1028774,0.8971226215362549,0.8971226215362549,9
110,2024-09-28,Leicester,Arsenal,0,Premier League,2,0.8207892,1.1792107820510864,1.1792107820510864,9
111,2024-09-28,Liverpool,Wolves,0,Premier League,2,2.603935,-0.6039350032806396,0.6039350032806396,9
112,2024-09-28,Man City,Newcastle,0,Premier League,1,2.4723792,-1.472379207611084,1.472379207611084,9
113,2024-09-29,Man United,Tottenham,1,Premier League,0,1.5207783,-1.5207782983779907,1.5207782983779907,9
114,2024-09-28,Newcastle,Man City,1,Premier League,1,1.1631483,-0.16314828395843506,0.16314828395843506,9
115,2024-09-28,Nott'm Forest,Fulham,1,Premier League,0,1.3305708,-1.3305708169937134,1.3305708169937134,9
116,2024-09-30,Southampton,Bournemouth,0,Premier League,1,1.2546209,-0.25462090969085693,0.25462090969085693,9
117,2024-09-29,Tottenham,Man United,0,Premier League,3,2.1038792,0.8961207866668701,0.8961207866668701,9
118,2024-09-28,West Ham,Brentford,0,Premier League,1,1.658217,-0.6582169532775879,0.6582169532775879,9
119,2024-09-28,Wolves,Liverpool,1,Premier League,1,1.0223055,-0.02230548858642578,0.02230548858642578,9
120,2024-10-05,Arsenal,Southampton,1,Premier League,3,2.8993697,0.10063028335571289,0.10063028335571289,10
121,2024-10-06,Aston Villa,Man United,1,Premier League,0,2.0511749,-2.0511748790740967,2.0511748790740967,10
122,2024-10-05,Bournemouth,Leicester,0,Premier League,0,1.9274187,-1.9274187088012695,1.9274187088012695,10
123,2024-10-05,Brentford,Wolves,1,Premier League,5,1.6488262,3.351173758506775,3.351173758506775,10
124,2024-10-06,Brighton,Tottenham,1,Premier League,3,1.3340336,1.6659663915634155,1.6659663915634155,10
125,2024-10-06,Chelsea,Nott'm Forest,1,Premier League,1,2.006651,-1.0066509246826172,1.0066509246826172,10
126,2024-10-05,Crystal Palace,Liverpool,1,Premier League,0,1.1288518,-1.1288517713546753,1.1288517713546753,10
127,2024-10-05,Everton,Newcastle,1,Premier League,0,1.4911597,-1.4911596775054932,1.4911596775054932,10
128,2024-10-05,Fulham,Man City,0,Premier League,2,0.9109863,1.089013695716858,1.089013695716858,10
129,2024-10-05,Ipswich,West Ham,0,Premier League,1,1.2102134,-0.21021342277526855,0.21021342277526855,10
130,2024-10-05,Leicester,Bournemouth,1,Premier League,1,1.2387159,-0.23871588706970215,0.23871588706970215,10
131,2024-10-05,Liverpool,Crystal Palace,0,Premier League,1,2.0991962,-1.099196195602417,1.099196195602417,10
132,2024-10-05,Man City,Fulham,1,Premier League,3,2.4361336,0.563866376876831,0.563866376876831,10
133,2024-10-06,Man United,Aston Villa,0,Premier League,0,1.4941936,-1.4941935539245605,1.4941935539245605,10
134,2024-10-05,Newcastle,Everton,0,Premier League,0,1.7446067,-1.7446067333221436,1.7446067333221436,10
135,2024-10-06,Nott'm Forest,Chelsea,0,Premier League,1,1.1836312,-0.18363118171691895,0.18363118171691895,10
136,2024-10-05,Southampton,Arsenal,0,Premier League,1,0.8083967,0.19160330295562744,0.19160330295562744,10
137,2024-10-06,Tottenham,Brighton,0,Premier League,2,1.9443325,0.05566751956939697,0.05566751956939697,10
138,2024-10-05,West Ham,Ipswich,1,Premier League,4,1.7791792,2.2208207845687866,2.2208207845687866,10
139,2024-10-05,Wolves,Brentford,0,Premier League,3,1.2922561,1.7077438831329346,1.7077438831329346,10
140,2024-10-19,Arsenal,Bournemouth,0,Premier League,0,2.3021412,-2.3021411895751953,2.3021411895751953,12
141,2024-10-19,Aston Villa,Fulham,0,Premier League,3,1.5549307,1.4450693130493164,1.4450693130493164,12
142,2024-10-19,Bournemouth,Arsenal,1,Premier League,2,1.0098181,0.9901819229125977,0.9901819229125977,12
143,2024-10-19,Brentford,Man United,0,Premier League,1,1.450288,-0.4502880573272705,0.4502880573272705,12
144,2024-10-19,Brighton,Newcastle,0,Premier League,1,1.483761,-0.4837609529495239,0.4837609529495239,12
145,2024-10-20,Chelsea,Liverpool,0,Premier League,1,1.401699,-0.4016989469528198,0.4016989469528198,12
146,2024-10-21,Crystal Palace,Nott'm Forest,0,Premier League,0,1.2425187,-1.242518663406372,1.242518663406372,12
147,2024-10-19,Everton,Ipswich,0,Premier League,2,1.5678309,0.4321690797805786,0.4321690797805786,12
148,2024-10-19,Fulham,Aston Villa,1,Premier League,1,1.5452188,-0.545218825340271,0.545218825340271,12
149,2024-10-19,Ipswich,Everton,1,Premier League,0,1.2939483,-1.2939482927322388,1.2939482927322388,12
150,2024-10-19,Leicester,Southampton,0,Premier League,3,1.3507355,1.6492644548416138,1.6492644548416138,12
151,2024-10-20,Liverpool,Chelsea,1,Premier League,2,2.5631237,-0.5631237030029297,0.5631237030029297,12
152,2024-10-20,Man City,Wolves,0,Premier League,2,2.7070258,-0.7070257663726807,0.7070257663726807,12
153,2024-10-19,Man United,Brentford,1,Premier League,2,1.9159473,0.0840526819229126,0.0840526819229126,12
154,2024-10-19,Newcastle,Brighton,1,Premier League,0,1.6556554,-1.6556553840637207,1.6556553840637207,12
155,2024-10-21,Nott'm Forest,Crystal Palace,1,Premier League,1,1.4030993,-0.40309929847717285,0.40309929847717285,12
156,2024-10-19,Southampton,Leicester,1,Premier League,2,1.5026215,0.49737846851348877,0.49737846851348877,12
157,2024-10-19,Tottenham,West Ham,1,Premier League,4,2.598509,1.4014909267425537,1.4014909267425537,12
158,2024-10-19,West Ham,Tottenham,0,Premier League,1,1.155791,-0.1557910442352295,0.1557910442352295,12
159,2024-10-20,Wolves,Man City,1,Premier League,1,0.9432637,0.0567362904548645,0.0567362904548645,12
160,2024-10-27,Arsenal,Liverpool,1,Premier League,2,1.6374421,0.36255788803100586,0.36255788803100586,13
161,2024-10-26,Aston Villa,Bournemouth,1,Premier League,1,1.7923781,-0.7923780679702759,0.7923780679702759,13
162,2024-10-26,Bournemouth,Aston Villa,0,Premier League,1,1.352178,-0.3521779775619507,0.3521779775619507,13
163,2024-10-26,Brentford,Ipswich,1,Premier League,4,1.9832239,2.0167760848999023,2.0167760848999023,13
164,2024-10-26,Brighton,Wolves,1,Premier League,2,1.7980936,0.20190644264221191,0.20190644264221191,13
165,2024-10-27,Chelsea,Newcastle,1,Premier League,2,2.2144115,-0.21441149711608887,0.21441149711608887,13
166,2024-10-27,Crystal Palace,Tottenham,1,Premier League,1,1.3615309,-0.3615309000015259,0.3615309000015259,13
167,2024-10-26,Everton,Fulham,1,Premier League,1,1.3822067,-0.38220667839050293,0.38220667839050293,13
168,2024-10-26,Fulham,Everton,0,Premier League,1,1.5017642,-0.501764178276062,0.501764178276062,13
169,2024-10-26,Ipswich,Brentford,0,Premier League,3,1.1808075,1.8191925287246704,1.8191925287246704,13
170,2024-10-25,Leicester,Nott'm Forest,1,Premier League,1,1.2683424,-0.26834237575531006,0.26834237575531006,13
171,2024-10-27,Liverpool,Arsenal,0,Premier League,2,1.346221,0.6537790298461914,0.6537790298461914,13
172,2024-10-26,Man City,Southampton,1,Premier League,1,3.036844,-2.03684401512146,2.03684401512146,13
173,2024-10-27,Man United,West Ham,0,Premier League,1,1.6186092,-0.6186091899871826,0.6186091899871826,13
174,2024-10-27,Newcastle,Chelsea,0,Premier League,1,1.6083361,-0.6083360910415649,0.6083360910415649,13
175,2024-10-25,Nott'm Forest,Leicester,0,Premier League,3,1.6212628,1.378737211227417,1.378737211227417,13
176,2024-10-26,Southampton,Man City,0,Premier League,0,0.7558603,-0.7558603286743164,0.7558603286743164,13
177,2024-10-27,Tottenham,Crystal Palace,0,Premier League,0,1.939901,-1.9399009943008423,1.9399009943008423,13
178,2024-10-27,West Ham,Man United,1,Premier League,2,1.7350681,0.26493191719055176,0.26493191719055176,13
179,2024-10-26,Wolves,Brighton,0,Premier League,2,1.0043879,0.9956121444702148,0.9956121444702148,13
180,2024-11-02,Arsenal,Newcastle,0,Premier League,0,2.1441834,-2.144183397293091,2.144183397293091,14
181,2024-11-03,Aston Villa,Tottenham,0,Premier League,1,1.3556185,-0.3556184768676758,0.3556184768676758,14
182,2024-11-02,Bournemouth,Man City,1,Premier League,2,0.99251217,1.0074878334999084,1.0074878334999084,14
183,2024-11-04,Brentford,Fulham,0,Premier League,1,1.3544594,-0.35445940494537354,0.35445940494537354,14
184,2024-11-02,Brighton,Liverpool,0,Premier League,1,1.0120912,-0.01209115982055664,0.01209115982055664,14
185,2024-11-03,Chelsea,Man United,0,Premier League,1,1.9194243,-0.919424295425415,0.919424295425415,14
186,2024-11-02,Crystal Palace,Wolves,0,Premier League,2,1.6016493,0.39835071563720703,0.39835071563720703,14
187,2024-11-02,Everton,Southampton,0,Premier League,0,1.6492692,-1.6492692232131958,1.6492692232131958,14
188,2024-11-04,Fulham,Brentford,1,Premier League,2,1.7814685,0.21853148937225342,0.21853148937225342,14
189,2024-11-02,Ipswich,Leicester,1,Premier League,1,1.523786,-0.5237859487533569,0.5237859487533569,14
190,2024-11-02,Leicester,Ipswich,0,Premier League,1,1.733505,-0.7335050106048584,0.7335050106048584,14
191,2024-11-02,Liverpool,Brighton,1,Premier League,2,2.2326093,-0.23260927200317383,0.23260927200317383,14
192,2024-11-02,Man City,Bournemouth,0,Premier League,1,2.3421595,-1.3421595096588135,1.3421595096588135,14
193,2024-11-03,Man United,Chelsea,1,Premier League,1,1.8201393,-0.8201392889022827,0.8201392889022827,14
194,2024-11-02,Newcastle,Arsenal,1,Premier League,1,1.2690688,-0.2690688371658325,0.2690688371658325,14
195,2024-11-02,Nott'm Forest,West Ham,1,Premier League,3,1.6895331,1.3104668855667114,1.3104668855667114,14
196,2024-11-02,Southampton,Everton,1,Premier League,1,1.3174809,-0.3174809217453003,0.3174809217453003,14
197,2024-11-03,Tottenham,Aston Villa,1,Premier League,4,2.290715,1.709285020828247,1.709285020828247,14
198,2024-11-02,West Ham,Nott'm Forest,0,Premier League,0,1.4593205,-1.4593205451965332,1.4593205451965332,14
199,2024-11-02,Wolves,Crystal Palace,1,Premier League,2,1.2290021,0.7709978818893433,0.7709978818893433,14
200,2024-11-10,Arsenal,Chelsea,0,Premier League,1,2.10868,-1.108680009841919,1.108680009841919,15
201,2024-11-09,Aston Villa,Liverpool,0,Premier League,0,1.1299993,-1.1299992799758911,1.1299992799758911,15
202,2024-11-09,Bournemouth,Brentford,0,Premier League,2,1.6342657,0.365734338760376,0.365734338760376,15
203,2024-11-09,Brentford,Bournemouth,1,Premier League,3,1.6895709,1.3104290962219238,1.3104290962219238,15
204,2024-11-09,Brighton,Man City,1,Premier League,2,1.0313432,0.9686567783355713,0.9686567783355713,15
205,2024-11-10,Chelsea,Arsenal,1,Premier League,1,1.3914253,-0.3914252519607544,0.3914252519607544,15
206,2024-11-09,Crystal Palace,Fulham,1,Premier League,0,1.3694069,-1.3694069385528564,1.3694069385528564,15
207,2024-11-09,Everton,West Ham,0,Premier League,0,1.3246533,-1.3246532678604126,1.3246532678604126,15
208,2024-11-09,Fulham,Crystal Palace,0,Premier League,2,1.334279,0.66572105884552,0.66572105884552,15
209,2024-11-10,Ipswich,Tottenham,0,Premier League,2,0.9571526,1.0428473949432373,1.0428473949432373,15
210,2024-11-10,Leicester,Man United,0,Premier League,0,1.1808336,-1.1808335781097412,1.1808335781097412,15
211,2024-11-09,Liverpool,Aston Villa,1,Premier League,2,2.3430138,-0.3430137634277344,0.3430137634277344,15
212,2024-11-09,Man City,Brighton,0,Premier League,1,1.9438788,-0.9438787698745728,0.9438787698745728,15
213,2024-11-10,Man United,Leicester,1,Premier League,3,2.2076519,0.7923481464385986,0.7923481464385986,15
214,2024-11-10,Newcastle,Nott'm Forest,0,Premier League,3,1.4025551,1.5974448919296265,1.5974448919296265,15
215,2024-11-10,Nott'm Forest,Newcastle,1,Premier League,1,1.6725711,-0.672571063041687,0.672571063041687,15
216,2024-11-09,Southampton,Wolves,0,Premier League,0,1.553174,-1.5531740188598633,1.5531740188598633,15
217,2024-11-10,Tottenham,Ipswich,1,Premier League,1,2.887897,-1.88789701461792,1.88789701461792,15
218,2024-11-09,West Ham,Everton,1,Premier League,0,1.7636157,-1.7636157274246216,1.7636157274246216,15
219,2024-11-09,Wolves,Southampton,1,Premier League,2,1.5952587,0.4047412872314453,0.4047412872314453,15
220,2024-11-23,Arsenal,Nott'm Forest,1,Premier League,3,2.2987788,0.701221227645874,0.701221227645874,17
221,2024-11-23,Aston Villa,Crystal Palace,1,Premier League,2,1.7590686,0.24093139171600342,0.24093139171600342,17
222,2024-11-23,Bournemouth,Brighton,1,Premier League,1,1.5464839,-0.5464838743209839,0.5464838743209839,17
223,2024-11-23,Brentford,Everton,0,Premier League,0,1.4730544,-1.4730544090270996,1.4730544090270996,17
224,2024-11-23,Brighton,Bournemouth,0,Premier League,2,1.4514266,0.54857337474823,0.54857337474823,17
225,2024-11-23,Chelsea,Leicester,0,Premier League,2,2.0205975,-0.020597457885742188,0.020597457885742188,17
226,2024-11-23,Crystal Palace,Aston Villa,0,Premier League,2,1.2373387,0.762661337852478,0.762661337852478,17
227,2024-11-23,Everton,Brentford,1,Premier League,0,1.5911081,-1.5911080837249756,1.5911080837249756,17
228,2024-11-23,Fulham,Wolves,1,Premier League,1,1.9346167,-0.9346166849136353,0.9346166849136353,17
229,2024-11-24,Ipswich,Man United,1,Premier League,1,1.1116703,-0.11167025566101074,0.11167025566101074,17
230,2024-11-23,Leicester,Chelsea,1,Premier League,1,1.231234,-0.23123395442962646,0.23123395442962646,17
231,2024-11-24,Liverpool,Southampton,0,Premier League,3,2.247725,0.7522749900817871,0.7522749900817871,17
232,2024-11-23,Man City,Tottenham,1,Premier League,0,2.1456068,-2.145606756210327,2.145606756210327,17
233,2024-11-24,Man United,Ipswich,0,Premier League,1,2.125155,-1.125154972076416,1.125154972076416,17
234,2024-11-25,Newcastle,West Ham,1,Premier League,0,1.9685999,-1.9685999155044556,1.9685999155044556,17
235,2024-11-23,Nott'm Forest,Arsenal,0,Premier League,0,0.9912163,-0.9912163019180298,0.9912163019180298,17
236,2024-11-24,Southampton,Liverpool,1,Premier League,2,0.92236584,1.0776341557502747,1.0776341557502747,17
237,2024-11-23,Tottenham,Man City,0,Premier League,4,1.3474911,2.652508854866028,2.652508854866028,17
238,2024-11-25,West Ham,Newcastle,0,Premier League,2,1.417953,0.5820469856262207,0.5820469856262207,17
239,2024-11-23,Wolves,Fulham,0,Premier League,4,1.1105517,2.8894482851028442,2.8894482851028442,17
240,2024-11-30,Arsenal,West Ham,0,Premier League,5,2.2476208,2.7523791790008545,2.7523791790008545,18
241,2024-12-04,Arsenal,Man United,1,Premier League,2,2.308098,-0.30809807777404785,0.30809807777404785,18
242,2024-12-01,Aston Villa,Chelsea,0,Premier League,0,1.388981,-1.3889809846878052,1.3889809846878052,18
243,2024-12-04,Aston Villa,Brentford,1,Premier League,3,1.9143311,1.085668921470642,1.085668921470642,18
244,2024-11-30,Bournemouth,Wolves,0,Premier League,4,1.561855,2.4381450414657593,2.4381450414657593,18
245,2024-11-30,Brentford,Leicester,1,Premier League,4,1.9183975,2.081602454185486,2.081602454185486,18
246,2024-12-04,Brentford,Aston Villa,0,Premier League,1,1.3319564,-0.3319563865661621,0.3319563865661621,18
247,2024-11-29,Brighton,Southampton,1,Premier League,1,1.8899477,-0.8899476528167725,0.8899476528167725,18
248,2024-12-01,Chelsea,Aston Villa,1,Premier League,3,2.006165,0.9938349723815918,0.9938349723815918,18
249,2024-12-04,Chelsea,Southampton,0,Premier League,5,2.4058366,2.594163417816162,2.594163417816162,18
250,2024-11-30,Crystal Palace,Newcastle,1,Premier League,1,1.472761,-0.47276103496551514,0.47276103496551514,18
251,2024-12-03,Crystal Palace,Ipswich,0,Premier League,1,1.644812,-0.6448119878768921,0.6448119878768921,18
252,2024-12-01,Everton,Man United,0,Premier League,0,1.1551483,-1.1551482677459717,1.1551482677459717,18
253,2024-12-04,Everton,Wolves,1,Premier League,4,1.428937,2.5710630416870117,2.5710630416870117,18
254,2024-12-01,Fulham,Tottenham,0,Premier League,1,1.2887021,-0.288702130317688,0.288702130317688,18
255,2024-11-30,Ipswich,Nott'm Forest,0,Premier League,0,1.047634,-1.0476340055465698,1.0476340055465698,18
256,2024-12-03,Ipswich,Crystal Palace,1,Premier League,0,1.1389793,-1.1389793157577515,1.1389793157577515,18
257,2024-11-30,Leicester,Brentford,0,Premier League,1,1.3534245,-0.3534245491027832,0.3534245491027832,18
258,2024-12-03,Leicester,West Ham,1,Premier League,3,1.4094206,1.5905793905258179,1.5905793905258179,18
259,2024-12-01,Liverpool,Man City,1,Premier League,2,1.6632717,0.3367283344268799,0.3367283344268799,18
260,2024-12-04,Liverpool,Newcastle,0,Premier League,3,1.9983485,1.0016515254974365,1.0016515254974365,18
261,2024-12-01,Man City,Liverpool,0,Premier League,0,1.5532074,-1.5532073974609375,1.5532073974609375,18
262,2024-12-04,Man City,Nott'm Forest,1,Premier League,3,2.419978,0.5800220966339111,0.5800220966339111,18
263,2024-12-01,Man United,Everton,1,Premier League,4,1.8029358,2.197064161300659,2.197064161300659,18
264,2024-12-04,Man United,Arsenal,0,Premier League,0,1.0844828,-1.0844827890396118,1.0844827890396118,18
265,2024-11-30,Newcastle,Crystal Palace,0,Premier League,1,1.5442857,-0.5442856550216675,0.5442856550216675,18
266,2024-12-04,Newcastle,Liverpool,1,Premier League,3,1.1350195,1.8649804592132568,1.8649804592132568,18
267,2024-11-30,Nott'm Forest,Ipswich,1,Premier League,1,1.7280096,-0.7280095815658569,0.7280095815658569,18
268,2024-12-04,Nott'm Forest,Man City,0,Premier League,0,0.92347455,-0.9234745502471924,0.9234745502471924,18
269,2024-11-29,Southampton,Brighton,0,Premier League,1,1.0500755,-0.050075531005859375,0.050075531005859375,18
270,2024-12-04,Southampton,Chelsea,1,Premier League,1,1.035587,-0.03558695316314697,0.03558695316314697,18
271,2024-12-01,Tottenham,Fulham,1,Premier League,1,2.2213233,-1.2213232517242432,1.2213232517242432,18
272,2024-11-30,West Ham,Arsenal,1,Premier League,2,1.1082594,0.8917405605316162,0.8917405605316162,18
273,2024-12-03,West Ham,Leicester,0,Premier League,1,1.8111721,-0.8111721277236938,0.8111721277236938,18
274,2024-11-30,Wolves,Bournemouth,1,Premier League,2,1.4657243,0.5342756509780884,0.5342756509780884,18
275,2024-12-04,Wolves,Everton,0,Premier League,0,1.2608634,-1.2608634233474731,1.2608634233474731,18
276,2024-12-08,Arsenal,Fulham,0,Premier League,1,1.7200521,-0.7200521230697632,0.7200521230697632,19
277,2024-12-07,Aston Villa,Southampton,1,Premier League,1,2.4966824,-1.4966824054718018,1.4966824054718018,19
278,2024-12-05,Bournemouth,Tottenham,1,Premier League,1,1.6230345,-0.6230344772338867,0.6230344772338867,19
279,2024-12-08,Bournemouth,Ipswich,0,Premier League,2,1.9988947,0.0011053085327148438,0.0011053085327148438,19
280,2024-12-07,Brentford,Newcastle,1,Premier League,4,1.6747478,2.3252521753311157,2.3252521753311157,19
281,2024-12-05,Brighton,Fulham,0,Premier League,1,1.389718,-0.38971805572509766,0.38971805572509766,19
282,2024-12-08,Brighton,Leicester,0,Premier League,2,1.7940106,0.20598936080932617,0.20598936080932617,19
283,2024-12-08,Chelsea,Tottenham,0,Premier League,4,1.6541005,2.34589946269989,2.34589946269989,19
284,2024-12-07,Crystal Palace,Man City,1,Premier League,2,1.1143365,0.8856635093688965,0.8856635093688965,19
285,2024-12-05,Fulham,Brighton,1,Premier League,3,1.600292,1.3997080326080322,1.3997080326080322,19
286,2024-12-08,Fulham,Arsenal,1,Premier League,1,1.14017,-0.14016997814178467,0.14016997814178467,19
287,2024-12-08,Ipswich,Bournemouth,1,Premier League,1,1.1867936,-0.18679356575012207,0.18679356575012207,19
288,2024-12-08,Leicester,Brighton,1,Premier League,2,1.2424246,0.7575753927230835,0.7575753927230835,19
289,2024-12-07,Man City,Crystal Palace,0,Premier League,2,1.8586674,0.14133262634277344,0.14133262634277344,19
290,2024-12-07,Man United,Nott'm Forest,1,Premier League,2,1.7497997,0.2502002716064453,0.2502002716064453,19
291,2024-12-07,Newcastle,Brentford,0,Premier League,2,1.6374383,0.3625617027282715,0.3625617027282715,19
292,2024-12-07,Nott'm Forest,Man United,0,Premier League,3,1.1429132,1.8570867776870728,1.8570867776870728,19
293,2024-12-07,Southampton,Aston Villa,0,Premier League,0,1.0076284,-1.0076284408569336,1.0076284408569336,19
294,2024-12-05,Tottenham,Bournemouth,0,Premier League,0,1.9139102,-1.913910150527954,1.913910150527954,19
295,2024-12-08,Tottenham,Chelsea,1,Premier League,3,2.0378149,0.9621851444244385,0.9621851444244385,19
296,2024-12-09,West Ham,Wolves,1,Premier League,2,1.9546976,0.045302391052246094,0.045302391052246094,19
297,2024-12-09,Wolves,West Ham,0,Premier League,1,1.2705668,-0.27056682109832764,0.27056682109832764,19
298,2024-12-14,Arsenal,Everton,1,Premier League,0,2.3442445,-2.3442444801330566,2.3442444801330566,20
299,2024-12-14,Aston Villa,Nott'm Forest,0,Premier League,1,1.5221976,-0.5221976041793823,0.5221976041793823,20
300,2024-12-16,Bournemouth,West Ham,1,Premier League,1,2.1057827,-1.1057827472686768,1.1057827472686768,20
301,2024-12-15,Brentford,Chelsea,0,Premier League,1,1.4170645,-0.4170645475387573,0.4170645475387573,20
302,2024-12-15,Brighton,Crystal Palace,1,Premier League,1,1.5247334,-0.5247334241867065,0.5247334241867065,20
303,2024-12-15,Chelsea,Brentford,1,Premier League,2,2.532452,-0.5324521064758301,0.5324521064758301,20
304,2024-12-15,Crystal Palace,Brighton,0,Premier League,3,1.261907,1.7380930185317993,1.7380930185317993,20
305,2024-12-14,Everton,Arsenal,0,Premier League,0,0.8525463,-0.8525462746620178,0.8525462746620178,20
306,2024-12-14,Fulham,Liverpool,0,Premier League,2,1.0355322,0.9644677639007568,0.9644677639007568,20
307,2024-12-14,Ipswich,Wolves,0,Premier League,2,1.2604848,0.7395151853561401,0.7395151853561401,20
308,2024-12-14,Leicester,Newcastle,0,Premier League,0,1.1717522,-1.1717522144317627,1.1717522144317627,20
309,2024-12-14,Liverpool,Fulham,1,Premier League,2,2.2662048,-0.266204833984375,0.266204833984375,20
310,2024-12-15,Man City,Man United,1,Premier League,1,2.444654,-1.4446539878845215,1.4446539878845215,20
311,2024-12-15,Man United,Man City,0,Premier League,2,1.0765455,0.9234545230865479,0.9234545230865479,20
312,2024-12-14,Newcastle,Leicester,1,Premier League,4,2.0292616,1.970738410949707,1.970738410949707,20
313,2024-12-14,Nott'm Forest,Aston Villa,1,Premier League,2,1.292039,0.7079609632492065,0.7079609632492065,20
314,2024-12-15,Southampton,Tottenham,1,Premier League,0,1.1781698,-1.178169846534729,1.178169846534729,20
315,2024-12-15,Tottenham,Southampton,0,Premier League,5,2.713896,2.2861039638519287,2.2861039638519287,20
316,2024-12-16,West Ham,Bournemouth,0,Premier League,1,1.5077689,-0.5077688694000244,0.5077688694000244,20
317,2024-12-14,Wolves,Ipswich,1,Premier League,1,1.6611085,-0.6611084938049316,0.6611084938049316,20
318,2024-12-21,Arsenal,Crystal Palace,0,Premier League,5,1.9274069,3.072593092918396,3.072593092918396,21
319,2024-12-21,Aston Villa,Man City,1,Premier League,2,1.2372961,0.7627038955688477,0.7627038955688477,21
320,2024-12-22,Bournemouth,Man United,0,Premier League,3,1.4629967,1.5370032787322998,1.5370032787322998,21
321,2024-12-21,Brentford,Nott'm Forest,1,Premier League,0,1.6740494,-1.6740493774414062,1.6740493774414062,21
322,2024-12-21,Brighton,West Ham,0,Premier League,1,1.436602,-0.43660199642181396,0.43660199642181396,21
323,2024-12-22,Chelsea,Everton,0,Premier League,0,1.8871614,-1.887161374092102,1.887161374092102,21
324,2024-12-21,Crystal Palace,Arsenal,1,Premier League,1,1.08238,-0.08238005638122559,0.08238005638122559,21
325,2024-12-22,Everton,Chelsea,1,Premier League,0,1.118997,-1.1189969778060913,1.1189969778060913,21
326,2024-12-22,Fulham,Southampton,1,Premier League,0,1.8673949,-1.8673949241638184,1.8673949241638184,21
327,2024-12-21,Ipswich,Newcastle,1,Premier League,0,1.1938428,-1.1938427686691284,1.1938427686691284,21
328,2024-12-22,Leicester,Wolves,1,Premier League,0,1.4524504,-1.4524503946304321,1.4524503946304321,21
329,2024-12-22,Liverpool,Tottenham,0,Premier League,6,1.8697002,4.130299806594849,4.130299806594849,21
330,2024-12-21,Man City,Aston Villa,0,Premier League,1,1.9216067,-0.9216066598892212,0.9216066598892212,21
331,2024-12-22,Man United,Bournemouth,1,Premier League,0,1.8724132,-1.872413158416748,1.872413158416748,21
332,2024-12-21,Newcastle,Ipswich,0,Premier League,4,2.1742816,1.8257184028625488,1.8257184028625488,21
333,2024-12-21,Nott'm Forest,Brentford,0,Premier League,2,1.4677701,0.5322299003601074,0.5322299003601074,21
334,2024-12-22,Southampton,Fulham,0,Premier League,0,1.0377266,-1.037726640701294,1.037726640701294,21
335,2024-12-22,Tottenham,Liverpool,1,Premier League,3,1.688321,1.3116790056228638,1.3116790056228638,21
336,2024-12-21,West Ham,Brighton,1,Premier League,1,1.651219,-0.6512190103530884,0.6512190103530884,21
337,2024-12-22,Wolves,Leicester,0,Premier League,3,1.6789016,1.3210984468460083,1.3210984468460083,21
338,2024-12-27,Arsenal,Ipswich,1,Premier League,1,2.7953272,-1.7953271865844727,1.7953271865844727,22
339,2025-01-01,Arsenal,Brentford,0,Premier League,3,2.3962305,0.6037695407867432,0.6037695407867432,22
340,2024-12-26,Aston Villa,Newcastle,0,Premier League,0,1.4380194,-1.4380193948745728,1.4380193948745728,22
341,2024-12-30,Aston Villa,Brighton,1,Premier League,2,1.5977829,0.40221714973449707,0.40221714973449707,22
342,2024-12-26,Bournemouth,Crystal Palace,1,Premier League,0,1.8402525,-1.8402525186538696,1.8402525186538696,22
343,2024-12-29,Bournemouth,Fulham,0,Premier League,2,1.5981224,0.40187764167785645,0.40187764167785645,22
344,2024-12-27,Brentford,Brighton,0,Premier League,0,1.3706012,-1.3706011772155762,1.3706011772155762,22
345,2025-01-01,Brentford,Arsenal,1,Premier League,1,1.0671338,-0.06713378429412842,0.06713378429412842,22
346,2024-12-27,Brighton,Brentford,1,Premier League,0,1.7984531,-1.7984530925750732,1.7984530925750732,22
347,2024-12-30,Brighton,Aston Villa,0,Premier League,2,1.3323182,0.6676818132400513,0.6676818132400513,22
348,2024-12-26,Chelsea,Fulham,1,Premier League,1,1.9602994,-0.9602993726730347,0.9602993726730347,22
349,2024-12-30,Chelsea,Ipswich,0,Premier League,0,2.134266,-2.134265899658203,2.134265899658203,22
350,2024-12-26,Crystal Palace,Bournemouth,0,Premier League,0,1.3808533,-1.380853295326233,1.380853295326233,22
351,2024-12-29,Crystal Palace,Southampton,1,Premier League,2,1.9131923,0.0868077278137207,0.0868077278137207,22
352,2024-12-26,Everton,Man City,0,Premier League,1,0.84139246,0.15860754251480103,0.15860754251480103,22
353,2024-12-29,Everton,Nott'm Forest,1,Premier League,0,1.2041339,-1.2041338682174683,1.2041338682174683,22
354,2024-12-26,Fulham,Chelsea,0,Premier League,2,1.2300658,0.7699341773986816,0.7699341773986816,22
355,2024-12-29,Fulham,Bournemouth,1,Premier League,2,1.5445831,0.4554169178009033,0.4554169178009033,22
356,2024-12-27,Ipswich,Arsenal,0,Premier League,0,0.7427219,-0.7427219152450562,0.7427219152450562,22
357,2024-12-30,Ipswich,Chelsea,1,Premier League,2,1.0139427,0.9860572814941406,0.9860572814941406,22
358,2024-12-26,Leicester,Liverpool,0,Premier League,1,0.87945664,0.12054336071014404,0.12054336071014404,22
359,2024-12-29,Leicester,Man City,1,Premier League,0,0.895492,-0.8954920172691345,0.8954920172691345,22
360,2024-12-26,Liverpool,Leicester,1,Premier League,3,2.7961087,0.20389127731323242,0.20389127731323242,22
361,2024-12-29,Liverpool,West Ham,0,Premier League,5,2.3116596,2.688340425491333,2.688340425491333,22
362,2024-12-26,Man City,Everton,1,Premier League,1,2.326253,-1.3262529373168945,1.3262529373168945,22
363,2024-12-29,Man City,Leicester,0,Premier League,2,2.9206893,-0.9206893444061279,0.9206893444061279,22
364,2024-12-26,Man United,Wolves,0,Premier League,0,1.7893456,-1.789345622062683,1.789345622062683,22
365,2024-12-30,Man United,Newcastle,1,Premier League,0,1.6791427,-1.679142713546753,1.679142713546753,22
366,2024-12-26,Newcastle,Aston Villa,1,Premier League,3,1.7107075,1.2892924547195435,1.2892924547195435,22
367,2024-12-30,Newcastle,Man United,0,Premier League,2,1.5930666,0.40693342685699463,0.40693342685699463,22
368,2024-12-26,Nott'm Forest,Tottenham,1,Premier League,1,1.4168272,-0.4168272018432617,0.4168272018432617,22
369,2024-12-29,Nott'm Forest,Everton,0,Premier League,2,1.1945214,0.805478572845459,0.805478572845459,22
370,2024-12-26,Southampton,West Ham,1,Premier League,0,1.2188065,-1.218806505203247,1.218806505203247,22
371,2024-12-29,Southampton,Crystal Palace,0,Premier League,1,0.98470825,0.015291750431060791,0.015291750431060791,22
372,2024-12-26,Tottenham,Nott'm Forest,0,Premier League,0,1.9092882,-1.9092881679534912,1.9092881679534912,22
373,2024-12-29,Tottenham,Wolves,1,Premier League,2,2.5187697,-0.5187697410583496,0.5187697410583496,22
374,2024-12-26,West Ham,Southampton,0,Premier League,1,2.1189501,-1.1189501285552979,1.1189501285552979,22
375,2024-12-29,West Ham,Liverpool,1,Premier League,0,1.1610299,-1.1610299348831177,1.1610299348831177,22
376,2024-12-26,Wolves,Man United,1,Premier League,2,1.2681328,0.7318671941757202,0.7318671941757202,22
377,2024-12-29,Wolves,Tottenham,0,Premier League,2,1.2062852,0.7937147617340088,0.7937147617340088,22
378,2025-01-04,Arsenal,Brighton,0,Premier League,1,1.8996985,-0.8996984958648682,0.8996984958648682,23
379,2025-01-04,Aston Villa,Leicester,1,Premier League,2,2.2090921,-0.2090921401977539,0.2090921401977539,23
380,2025-01-04,Bournemouth,Everton,1,Premier League,1,1.9603778,-0.9603778123855591,0.9603778123855591,23
381,2025-01-04,Brentford,Southampton,0,Premier League,5,1.9249403,3.075059652328491,3.075059652328491,23
382,2025-01-04,Brighton,Arsenal,1,Premier League,1,0.99348974,0.006510257720947266,0.006510257720947266,23
383,2025-01-04,Chelsea,Crystal Palace,0,Premier League,1,1.7959619,-0.795961856842041,0.795961856842041,23
384,2025-01-04,Crystal Palace,Chelsea,1,Premier League,1,1.4794914,-0.47949135303497314,0.47949135303497314,23
385,2025-01-04,Everton,Bournemouth,0,Premier League,0,1.1144736,-1.114473581314087,1.114473581314087,23
386,2025-01-05,Fulham,Ipswich,1,Premier League,2,1.8472093,0.15279066562652588,0.15279066562652588,23
387,2025-01-05,Ipswich,Fulham,0,Premier League,2,0.98309726,1.01690274477005,1.01690274477005,23
388,2025-01-04,Leicester,Aston Villa,0,Premier League,1,0.975973,0.024026989936828613,0.024026989936828613,23
389,2025-01-05,Liverpool,Man United,1,Premier League,2,2.2468612,-0.24686121940612793,0.24686121940612793,23
390,2025-01-04,Man City,West Ham,1,Premier League,4,2.6282701,1.371729850769043,1.371729850769043,23
391,2025-01-05,Man United,Liverpool,0,Premier League,2,1.0968052,0.903194785118103,0.903194785118103,23
392,2025-01-04,Newcastle,Tottenham,0,Premier League,2,1.6420844,0.35791563987731934,0.35791563987731934,23
393,2025-01-06,Nott'm Forest,Wolves,0,Premier League,3,1.313935,1.6860649585723877,1.6860649585723877,23
394,2025-01-04,Southampton,Brentford,1,Premier League,0,1.2844859,-1.284485936164856,1.284485936164856,23
395,2025-01-04,Tottenham,Newcastle,1,Premier League,1,2.1204276,-1.1204276084899902,1.1204276084899902,23
396,2025-01-04,West Ham,Man City,0,Premier League,1,1.056225,-0.056224942207336426,0.056224942207336426,23
397,2025-01-06,Wolves,Nott'm Forest,1,Premier League,0,1.2790006,-1.2790006399154663,1.2790006399154663,23
398,2025-01-15,Arsenal,Tottenham,1,Premier League,2,2.2371836,-0.2371835708618164,0.2371835708618164,24
399,2025-01-15,Aston Villa,Everton,0,Premier League,1,1.606674,-0.6066739559173584,0.6066739559173584,24
400,2025-01-14,Bournemouth,Chelsea,0,Premier League,2,1.443112,0.5568879842758179,0.5568879842758179,24
401,2025-01-14,Brentford,Man City,1,Premier League,2,1.3206881,0.6793118715286255,0.6793118715286255,24
402,2025-01-14,Chelsea,Bournemouth,1,Premier League,2,2.0880413,-0.08804130554199219,0.08804130554199219,24
403,2025-01-15,Crystal Palace,Leicester,0,Premier League,2,1.8573844,0.14261555671691895,0.14261555671691895,24
404,2025-01-15,Everton,Aston Villa,1,Premier League,0,1.1131814,-1.1131813526153564,1.1131813526153564,24
405,2025-01-14,Fulham,West Ham,0,Premier League,2,1.5469031,0.453096866607666,0.453096866607666,24
406,2025-01-15,Leicester,Crystal Palace,1,Premier League,0,1.1536018,-1.1536017656326294,1.1536017656326294,24
407,2025-01-14,Liverpool,Nott'm Forest,0,Premier League,1,2.1024055,-1.1024055480957031,1.1024055480957031,24
408,2025-01-14,Man City,Brentford,0,Premier League,2,2.5825062,-0.5825061798095703,0.5825061798095703,24
409,2025-01-15,Newcastle,Wolves,1,Premier League,3,2.2233787,0.7766213417053223,0.7766213417053223,24
410,2025-01-14,Nott'm Forest,Liverpool,1,Premier League,1,1.0579817,-0.05798172950744629,0.05798172950744629,24
411,2025-01-15,Tottenham,Arsenal,0,Premier League,1,1.2150439,-0.21504390239715576,0.21504390239715576,24
412,2025-01-14,West Ham,Fulham,1,Premier League,3,1.4408503,1.5591497421264648,1.5591497421264648,24
413,2025-01-15,Wolves,Newcastle,0,Premier League,0,1.1367674,-1.1367673873901367,1.1367673873901367,24
414,2025-01-18,Arsenal,Aston Villa,1,Premier League,2,2.007124,-0.0071239471435546875,0.0071239471435546875,25
415,2025-01-18,Aston Villa,Arsenal,0,Premier League,2,1.0743527,0.9256472587585449,0.9256472587585449,25
416,2025-01-18,Bournemouth,Newcastle,0,Premier League,4,1.5715612,2.4284387826919556,2.4284387826919556,25
417,2025-01-18,Brentford,Liverpool,1,Premier League,0,1.15123,-1.151229977607727,1.151229977607727,25
418,2025-01-16,Brighton,Ipswich,0,Premier League,2,1.8052611,0.19473886489868164,0.19473886489868164,25
419,2025-01-19,Brighton,Man United,0,Premier League,3,1.344247,1.6557530164718628,1.6557530164718628,25
420,2025-01-20,Chelsea,Wolves,1,Premier League,3,2.371859,0.628140926361084,0.628140926361084,25
421,2025-01-18,Crystal Palace,West Ham,0,Premier League,2,1.5738292,0.42617082595825195,0.42617082595825195,25
422,2025-01-19,Everton,Tottenham,1,Premier League,3,1.1396732,1.8603267669677734,1.8603267669677734,25
423,2025-01-18,Fulham,Leicester,0,Premier League,2,1.9132576,0.08674240112304688,0.08674240112304688,25
424,2025-01-16,Ipswich,Brighton,1,Premier League,0,1.086243,-1.0862430334091187,1.0862430334091187,25
425,2025-01-19,Ipswich,Man City,1,Premier League,0,0.9152913,-0.9152913093566895,0.9152913093566895,25
426,2025-01-18,Leicester,Fulham,1,Premier League,0,1.0620427,-1.0620427131652832,1.0620427131652832,25
427,2025-01-18,Liverpool,Brentford,0,Premier League,2,2.6053398,-0.605339765548706,0.605339765548706,25
428,2025-01-19,Man City,Ipswich,0,Premier League,6,2.561318,3.4386820793151855,3.4386820793151855,25
429,2025-01-16,Man United,Southampton,1,Premier League,3,2.3250723,0.6749277114868164,0.6749277114868164,25
430,2025-01-19,Man United,Brighton,1,Premier League,1,1.6392556,-0.6392556428909302,0.6392556428909302,25
431,2025-01-18,Newcastle,Bournemouth,1,Premier League,1,2.253261,-1.2532610893249512,1.2532610893249512,25
432,2025-01-19,Nott'm Forest,Southampton,1,Premier League,3,1.8045366,1.1954634189605713,1.1954634189605713,25
433,2025-01-16,Southampton,Man United,0,Premier League,1,0.98311424,0.016885757446289062,0.016885757446289062,25
434,2025-01-19,Southampton,Nott'm Forest,0,Premier League,2,1.0013763,0.9986237287521362,0.9986237287521362,25
435,2025-01-19,Tottenham,Everton,0,Premier League,2,1.8814719,0.11852812767028809,0.11852812767028809,25
436,2025-01-18,West Ham,Crystal Palace,1,Premier League,0,1.3350222,-1.335022211074829,1.335022211074829,25
437,2025-01-20,Wolves,Chelsea,0,Premier League,1,1.103195,-0.1031949520111084,0.1031949520111084,25
438,2025-01-25,Arsenal,Wolves,0,Premier League,1,2.3489773,-1.3489773273468018,1.3489773273468018,26
439,2025-01-26,Aston Villa,West Ham,1,Premier League,1,1.9316788,-0.9316787719726562,0.9316787719726562,26
440,2025-01-25,Bournemouth,Nott'm Forest,1,Premier League,5,1.8206481,3.1793519258499146,3.1793519258499146,26
441,2025-01-26,Brentford,Crystal Palace,0,Premier League,2,1.2515131,0.7484868764877319,0.7484868764877319,26
442,2025-01-25,Brighton,Everton,1,Premier League,0,1.5434152,-1.5434151887893677,1.5434151887893677,26
443,2025-01-25,Chelsea,Man City,0,Premier League,1,1.5449774,-0.5449774265289307,0.5449774265289307,26
444,2025-01-26,Crystal Palace,Brentford,1,Premier League,1,1.8192391,-0.8192391395568848,0.8192391395568848,26
445,2025-01-25,Everton,Brighton,0,Premier League,1,1.0456256,-0.04562556743621826,0.04562556743621826,26
446,2025-01-26,Fulham,Man United,1,Premier League,0,1.5856067,-1.5856066942214966,1.5856066942214966,26
447,2025-01-25,Ipswich,Liverpool,0,Premier League,1,0.77859396,0.22140604257583618,0.22140604257583618,26
448,2025-01-26,Leicester,Tottenham,0,Premier League,2,1.0528121,0.9471879005432129,0.9471879005432129,26
449,2025-01-25,Liverpool,Ipswich,1,Premier League,4,2.962255,1.0377449989318848,1.0377449989318848,26
450,2025-01-25,Man City,Chelsea,1,Premier League,3,2.049001,0.9509990215301514,0.9509990215301514,26
451,2025-01-26,Man United,Fulham,0,Premier League,1,1.2913468,-0.29134678840637207,0.29134678840637207,26
452,2025-01-25,Newcastle,Southampton,0,Premier League,3,2.438632,0.5613679885864258,0.5613679885864258,26
453,2025-01-25,Nott'm Forest,Bournemouth,0,Premier League,0,1.3117077,-1.3117077350616455,1.3117077350616455,26
454,2025-01-25,Southampton,Newcastle,1,Premier League,1,1.0017769,-0.0017769336700439453,0.0017769336700439453,26
455,2025-01-26,Tottenham,Leicester,1,Premier League,1,2.598297,-1.598297119140625,1.598297119140625,26
456,2025-01-26,West Ham,Aston Villa,0,Premier League,1,1.1541922,-0.15419220924377441,0.15419220924377441,26
457,2025-01-25,Wolves,Arsenal,1,Premier League,0,1.0136819,-1.0136818885803223,1.0136818885803223,26
458,2025-02-02,Arsenal,Man City,1,Premier League,5,1.7907,3.2093000411987305,3.2093000411987305,27
459,2025-02-01,Aston Villa,Wolves,0,Premier League,0,1.7136708,-1.7136708498001099,1.7136708498001099,27
460,2025-02-01,Bournemouth,Liverpool,1,Premier League,0,1.507699,-1.5076990127563477,1.5076990127563477,27
461,2025-02-02,Brentford,Tottenham,1,Premier League,0,1.6879525,-1.6879525184631348,1.6879525184631348,27
462,2025-02-01,Brighton,Nott'm Forest,0,Premier League,0,1.2608439,-1.2608438730239868,1.2608438730239868,27
463,2025-02-03,Chelsea,West Ham,1,Premier League,2,2.3222516,-0.322251558303833,0.322251558303833,27
464,2025-02-02,Crystal Palace,Man United,0,Premier League,2,1.2769048,0.723095178604126,0.723095178604126,27
465,2025-02-01,Everton,Leicester,1,Premier League,4,1.6173861,2.3826138973236084,2.3826138973236084,27
466,2025-02-01,Fulham,Newcastle,0,Premier League,2,1.2744497,0.7255502939224243,0.7255502939224243,27
467,2025-02-01,Ipswich,Southampton,1,Premier League,1,1.5907192,-0.5907192230224609,0.5907192230224609,27
468,2025-02-01,Leicester,Everton,0,Premier League,0,1.0384994,-1.038499355316162,1.038499355316162,27
469,2025-02-01,Liverpool,Bournemouth,0,Premier League,2,2.2836766,-0.2836766242980957,0.2836766242980957,27
470,2025-02-02,Man City,Arsenal,0,Premier League,1,1.2125741,-0.21257412433624268,0.21257412433624268,27
471,2025-02-02,Man United,Crystal Palace,1,Premier League,0,1.471472,-1.4714720249176025,1.4714720249176025,27
472,2025-02-01,Newcastle,Fulham,1,Premier League,1,1.8369244,-0.8369244337081909,0.8369244337081909,27
473,2025-02-01,Nott'm Forest,Brighton,1,Premier League,7,1.2608845,5.739115476608276,5.739115476608276,27
474,2025-02-01,Southampton,Ipswich,0,Premier League,2,1.4891957,0.510804295539856,0.510804295539856,27
475,2025-02-02,Tottenham,Brentford,0,Premier League,2,2.0298831,-0.029883146286010742,0.029883146286010742,27
476,2025-02-03,West Ham,Chelsea,0,Premier League,1,1.1195301,-0.1195300817489624,0.1195300817489624,27
477,2025-02-01,Wolves,Aston Villa,1,Premier League,2,1.2521923,0.7478077411651611,0.7478077411651611,27
478,2025-02-12,Everton,Liverpool,1,Premier League,2,0.90197396,1.0980260372161865,1.0980260372161865,28
479,2025-02-12,Liverpool,Everton,0,Premier League,2,2.085437,-0.08543705940246582,0.08543705940246582,28
480,2025-02-15,Arsenal,Leicester,0,Premier League,2,2.652488,-0.6524879932403564,0.6524879932403564,29
481,2025-02-15,Aston Villa,Ipswich,1,Premier League,1,2.1767256,-1.1767256259918213,1.1767256259918213,29
482,2025-02-19,Aston Villa,Liverpool,1,Premier League,2,1.22637,0.7736300230026245,0.7736300230026245,29
483,2025-02-15,Bournemouth,Southampton,0,Premier League,3,2.411089,0.5889110565185547,0.5889110565185547,29
484,2025-02-15,Brentford,West Ham,0,Premier League,1,1.5851486,-0.5851485729217529,0.5851485729217529,29
485,2025-02-14,Brighton,Chelsea,1,Premier League,3,1.4377666,1.5622334480285645,1.5622334480285645,29
486,2025-02-14,Chelsea,Brighton,0,Premier League,0,1.7414634,-1.7414634227752686,1.7414634227752686,29
487,2025-02-15,Crystal Palace,Everton,1,Premier League,1,1.4915,-0.49150002002716064,0.49150002002716064,29
488,2025-02-15,Everton,Crystal Palace,0,Premier League,2,1.0592095,0.9407905340194702,0.9407905340194702,29
489,2025-02-15,Fulham,Nott'm Forest,1,Premier League,2,1.4203936,0.5796064138412476,0.5796064138412476,29
490,2025-02-15,Ipswich,Aston Villa,0,Premier League,1,0.93446606,0.06553393602371216,0.06553393602371216,29
491,2025-02-15,Leicester,Arsenal,1,Premier League,0,0.76725936,-0.7672593593597412,0.7672593593597412,29
492,2025-02-16,Liverpool,Wolves,1,Premier League,2,2.6229725,-0.6229724884033203,0.6229724884033203,29
493,2025-02-19,Liverpool,Aston Villa,0,Premier League,2,1.809121,0.1908789873123169,0.1908789873123169,29
494,2025-02-15,Man City,Newcastle,1,Premier League,4,2.2038083,1.796191692352295,1.796191692352295,29
495,2025-02-16,Man United,Tottenham,0,Premier League,0,1.4274577,-1.4274576902389526,1.4274576902389526,29
496,2025-02-15,Newcastle,Man City,0,Premier League,0,1.4418417,-1.441841721534729,1.441841721534729,29
497,2025-02-15,Nott'm Forest,Fulham,0,Premier League,1,1.2292669,-0.22926688194274902,0.22926688194274902,29
498,2025-02-15,Southampton,Bournemouth,1,Premier League,1,1.1163739,-0.11637389659881592,0.11637389659881592,29
499,2025-02-16,Tottenham,Man United,1,Premier League,1,1.8201333,-0.8201333284378052,0.8201333284378052,29
500,2025-02-15,West Ham,Brentford,1,Premier League,0,1.7099432,-1.709943175315857,1.709943175315857,29
501,2025-02-16,Wolves,Liverpool,0,Premier League,1,0.9531036,0.046896398067474365,0.046896398067474365,29
502,2025-02-22,Arsenal,West Ham,1,Premier League,0,2.531027,-2.53102707862854,2.53102707862854,30
503,2025-02-26,Arsenal,Nott'm Forest,0,Premier League,0,2.033139,-2.0331389904022217,2.0331389904022217,30
504,2025-02-22,Aston Villa,Chelsea,1,Premier League,2,1.6133335,0.38666653633117676,0.38666653633117676,30
505,2025-02-25,Aston Villa,Crystal Palace,0,Premier League,1,1.3743293,-0.3743293285369873,0.3743293285369873,30
506,2025-02-22,Bournemouth,Wolves,1,Premier League,0,2.0945206,-2.0945205688476562,2.0945205688476562,30
507,2025-02-25,Bournemouth,Brighton,0,Premier League,1,1.6201565,-0.6201565265655518,0.6201565265655518,30
508,2025-02-21,Brentford,Leicester,0,Premier League,4,1.9327756,2.067224383354187,2.067224383354187,30
509,2025-02-26,Brentford,Everton,1,Premier League,1,1.6139636,-0.6139636039733887,0.6139636039733887,30
510,2025-02-22,Brighton,Southampton,0,Premier League,4,2.0687232,1.931276798248291,1.931276798248291,30
511,2025-02-25,Brighton,Bournemouth,1,Premier League,2,1.6309414,0.36905860900878906,0.36905860900878906,30
512,2025-02-22,Chelsea,Aston Villa,0,Premier League,1,1.6978096,-0.6978095769882202,0.6978095769882202,30
513,2025-02-25,Chelsea,Southampton,1,Premier League,4,2.7164934,1.2835066318511963,1.2835066318511963,30
514,2025-02-22,Crystal Palace,Fulham,0,Premier League,2,1.2095699,0.7904300689697266,0.7904300689697266,30
515,2025-02-25,Crystal Palace,Aston Villa,1,Premier League,4,1.4758071,2.5241929292678833,2.5241929292678833,30
516,2025-02-22,Everton,Man United,1,Premier League,2,1.2406377,0.7593623399734497,0.7593623399734497,30
517,2025-02-26,Everton,Brentford,0,Premier League,1,1.3248602,-0.32486021518707275,0.32486021518707275,30
518,2025-02-22,Fulham,Crystal Palace,1,Premier League,0,1.4044585,-1.4044585227966309,1.4044585227966309,30
519,2025-02-25,Fulham,Wolves,0,Premier League,2,1.4114878,0.5885121822357178,0.5885121822357178,30
520,2025-02-22,Ipswich,Tottenham,1,Premier League,1,1.1311886,-0.13118863105773926,0.13118863105773926,30
521,2025-02-26,Ipswich,Man United,0,Premier League,2,1.0250808,0.9749191999435425,0.9749191999435425,30
522,2025-02-21,Leicester,Brentford,1,Premier League,0,1.262659,-1.262658953666687,1.262658953666687,30
523,2025-02-23,Liverpool,Man City,0,Premier League,2,1.7028813,0.2971186637878418,0.2971186637878418,30
524,2025-02-26,Liverpool,Newcastle,1,Premier League,2,2.273496,-0.2734959125518799,0.2734959125518799,30
525,2025-02-23,Man City,Liverpool,1,Premier League,0,1.7783328,-1.7783328294754028,1.7783328294754028,30
526,2025-02-26,Man City,Tottenham,0,Premier League,1,1.868761,-0.8687609434127808,0.8687609434127808,30
527,2025-02-22,Man United,Everton,0,Premier League,2,1.4135171,0.5864828824996948,0.5864828824996948,30
528,2025-02-26,Man United,Ipswich,1,Premier League,3,2.0732393,0.9267606735229492,0.9267606735229492,30
529,2025-02-23,Newcastle,Nott'm Forest,1,Premier League,4,1.8851076,2.114892363548279,2.114892363548279,30
530,2025-02-26,Newcastle,Liverpool,0,Premier League,0,1.3435687,-1.3435686826705933,1.3435686826705933,30
531,2025-02-23,Nott'm Forest,Newcastle,0,Premier League,3,1.2687613,1.7312387228012085,1.7312387228012085,30
532,2025-02-26,Nott'm Forest,Arsenal,1,Premier League,0,1.0251585,-1.0251585245132446,1.0251585245132446,30
533,2025-02-22,Southampton,Brighton,1,Premier League,0,1.0187129,-1.0187128782272339,1.0187128782272339,30
534,2025-02-25,Southampton,Chelsea,0,Premier League,0,0.96490914,-0.9649091362953186,0.9649091362953186,30
535,2025-02-22,Tottenham,Ipswich,0,Premier League,4,2.4019215,1.5980784893035889,1.5980784893035889,30
536,2025-02-26,Tottenham,Man City,1,Premier League,0,1.6242847,-1.6242847442626953,1.6242847442626953,30
537,2025-02-22,West Ham,Arsenal,0,Premier League,1,0.97123444,0.028765559196472168,0.028765559196472168,30
538,2025-02-22,Wolves,Bournemouth,0,Premier League,1,1.2599812,-0.2599811553955078,0.2599811553955078,30
539,2025-02-25,Wolves,Fulham,1,Premier League,1,1.2310909,-0.23109090328216553,0.23109090328216553,30
540,2025-02-27,Leicester,West Ham,0,Premier League,0,1.1328046,-1.1328046321868896,1.1328046321868896,31
541,2025-02-27,West Ham,Leicester,1,Premier League,2,1.9029939,0.09700608253479004,0.09700608253479004,31
542,2025-03-09,Arsenal,Man United,0,Premier League,1,1.9392021,-0.939202070236206,0.939202070236206,32
543,2025-03-08,Aston Villa,Brentford,0,Premier League,1,1.5903355,-0.590335488319397,0.590335488319397,32
544,2025-03-09,Bournemouth,Tottenham,0,Premier League,2,1.7024773,0.2975226640701294,0.2975226640701294,32
545,2025-03-08,Brentford,Aston Villa,1,Premier League,0,1.5982629,-1.598262906074524,1.598262906074524,32
546,2025-03-08,Brighton,Fulham,1,Premier League,2,1.3482759,0.651724100112915,0.651724100112915,32
547,2025-03-09,Chelsea,Leicester,1,Premier League,1,2.5449288,-1.544928789138794,1.544928789138794,32
548,2025-03-08,Crystal Palace,Ipswich,1,Premier League,1,1.9733886,-0.9733885526657104,0.9733885526657104,32
549,2025-03-08,Everton,Wolves,0,Premier League,1,1.225506,-0.22550594806671143,0.22550594806671143,32
550,2025-03-08,Fulham,Brighton,0,Premier League,1,1.2476431,-0.2476431131362915,0.2476431131362915,32
551,2025-03-08,Ipswich,Crystal Palace,0,Premier League,0,0.94815487,-0.948154866695404,0.948154866695404,32
552,2025-03-09,Leicester,Chelsea,0,Premier League,0,0.92501247,-0.925012469291687,0.925012469291687,32
553,2025-03-08,Liverpool,Southampton,1,Premier League,3,2.954049,0.045950889587402344,0.045950889587402344,32
554,2025-03-08,Man City,Nott'm Forest,0,Premier League,0,1.998922,-1.9989219903945923,1.9989219903945923,32
555,2025-03-09,Man United,Arsenal,1,Premier League,1,1.0800513,-0.08005130290985107,0.08005130290985107,32
556,2025-03-10,Newcastle,West Ham,0,Premier League,1,1.6600302,-0.6600302457809448,0.6600302457809448,32
557,2025-03-08,Nott'm Forest,Man City,1,Premier League,1,1.1665304,-0.16653037071228027,0.16653037071228027,32
558,2025-03-08,Southampton,Liverpool,0,Premier League,1,0.77018195,0.22981804609298706,0.22981804609298706,32
559,2025-03-09,Tottenham,Bournemouth,1,Premier League,2,1.8901247,0.10987532138824463,0.10987532138824463,32
560,2025-03-10,West Ham,Newcastle,1,Premier League,0,1.343166,-1.3431659936904907,1.3431659936904907,32
561,2025-03-08,Wolves,Everton,1,Premier League,1,1.2798725,-0.2798725366592407,0.2798725366592407,32
